Speaker,Detail,UniqueWords,JLPTLevel,Sentiment-tabularisai,Sentiment-tabularisai-score,Sentiment-lxyuan,Sentiment-lxyuan-score,Sentiment-jarvisx17,Sentiment-jarvisx17-score
AI,こんにちは！最近どうですか？運動やリラクゼーションの時間は取れていますか？それとも何か新しい健康法を試してみたりしていますか？,27.0,3,Very Negative,0.4418538510799408,negative,0.4693560898303985,positive,0.999327540397644
User,楽しみにしてます、新たな健康法を教えてください,13.0,1,Positive,0.4880692958831787,positive,0.8824607133865356,positive,0.9988358616828918
AI,いいですね！新しい健康法を試すのは楽しいですよね。最近注目されているのは、「マインドフルネス瞑想」です。日々の生活で忙しいと感じることが多い中で、マインドフルネス瞑想は心を落ち着け、現在の瞬間に集中するのを助けてくれます。また、シンプルながら効果的な別の方法として「インターバル歩行」があります。これは速歩きと普通の歩きを交互に繰り返すことで、健康維持に役立ちます。どちらも手軽に始められるので、試してみてはいかがでしょうか？,79.0,3,Positive,0.6699061989784241,positive,0.7961658239364624,positive,0.9999568462371826
User,インターバル歩行から始めたいと思いますが、なんか注意事項がありますか,15.0,2,Neutral,0.6370915770530701,positive,0.4122515320777893,negative,0.9945594668388367
AI,インターバル歩行を始めるのは素晴らしい選択ですね！始める前にいくつかの注意事項を挙げておきますね。ウォーミングアップとクールダウン：運動を始める前後には、軽いストレッチやゆっくりとした歩行で筋肉をほぐし、体を整えましょう。適切な履物：足を支える良いランニングシューズやウォーキングシューズを選ぶことで、足への負担を減らすことができます。水分補給：運動中はこまめに水分を取り、脱水を防ぎましょう。ペースの調整：特に始めたばかりの時は、無理をせず自分の体調に合わせてペースを調整してください。速歩きと普通の歩きの間隔も、体調に合わせて変えていくと良いでしょう。リスニング：体の感覚に注意を払い、違和感があれば無理をせずペースを落とすなど調整しましょう。これらのポイントを心に留めつつ、楽しく安全にインターバル歩行を楽しんでくださいね！どのくらいの距離や時間を歩く予定ですか？,110.0,3,Positive,0.4745841920375824,positive,0.7246293425559998,positive,0.9999562501907349
User,初心者にとって、どんぐらいの距離から始めた方がいいですかを教えて,18.0,2,Positive,0.3974540531635284,positive,0.565049946308136,positive,0.9572522044181824
AI,初心者の場合、距離よりも時間を基準にする方が始めやすいかもしれませんね。初めてのインターバル歩行では、全体の時間を20〜30分程度に設定してみるのがおすすめです。具体的には、以下のように時間を分けてみてください：最初の5分間はゆっくりとしたペースで歩いてウォーミングアップ。その後、1分間の速歩きと1〜2分の普通の歩きを交互に繰り返す。最後の5分間はゆっくり歩いてクールダウン。これを基準にして、体調が良ければ徐々に速歩きの時間を延ばしたり、全体の時間を長くしていくと良いでしょう。始めは無理をせず、自分の体と相談しながら進めてくださいね。楽しむことが一番大切ですから！,95.0,2,Positive,0.5159658789634705,positive,0.6047672033309937,positive,0.9999498128890991
User,マインドフルネス瞑想のやり方も教えてください,8.0,2,Positive,0.3993755877017975,positive,0.682490885257721,positive,0.9985656142234802
AI,マインドフルネス瞑想は、心を現在の瞬間に集中させることで、リラックスと集中力の向上を目指す方法です。初心者にもやさしいやり方をご紹介しますね。快適な場所を選ぶ：静かで落ち着いた環境を選びます。座る場合は、椅子や床にクッションを敷いて座りましょう。背筋をまっすぐに保ち、リラックスした姿勢をとります。呼吸に意識を向ける：目を閉じて、自然な呼吸に意識を集中します。鼻から吸い込んで、口か鼻からゆっくりと息を吐きます。呼吸のリズムに合わせて、心を落ち着かせます。心が散漫になったら：心が他の考えに向かってしまったら、それを責めずに気づき、優しく呼吸に意識を戻します。マインドフルネス瞑想では、散漫になるのは自然なことと受け入れ、焦らずに練習を続けます。瞑想の時間：最初は5分から始めてみて、徐々に10分、15分と時間を延ばしていくのがおすすめです。毎日続けることが重要です。瞑想の終わり：瞑想を終える時は、ゆっくりと目を開け、周囲を意識し始めます。身体を少しずつ動かして、通常の活動に戻ります。このようなステップで、マインドフルネス瞑想を試してみてください。日常生活の中で少しずつ練習を積むことで、心の落ち着きや集中力が向上していくはずですよ。,134.0,2,Very Positive,0.57054603099823,positive,0.7328603267669678,positive,0.9999545812606812
AI Average,Mean Unique Words,89.0,3,Neutral,0.4241121411323547,positive,0.5115834474563599,positive,0.9985966086387634
User Average,Mean Unique Words,13.5,3,Neutral,0.4241121411323547,positive,0.5115834474563599,positive,0.9985966086387634
