Speaker,Detail,WordsLen,UniqueWords,JLPTLevel,Sentiment-tabularisai,Sentiment-tabularisai-score
AI,ねえ、今日は結構アクティブだったね！歩数が2800近くもあるってことは、けっこう動いた証拠だよ。でも、今週の平均歩数に比べると少し少なめかな。今日はどこか出かけたの？それとも特に意識して歩いた？それに、カロリーの燃焼量も見ると、動きがあったことがわかるね。今日の活動で特に楽しかったことがあったら、教えてほしいな！,157,56.0,3,Neutral,0.2583529055118561
User,今日は深夜まで友達と麻雀してた ちょっと寝不足になったけど楽しかった,34,17.0,2,Neutral,0.6073331832885742
AI,麻雀、いいね！友達とわいわいできるのって楽しいよね。寝不足は心配だけど、楽しい時間を過ごせたなら良かった。ちなみに、どんな展開だった？何か印象に残った勝負があった？それとも、何かおかしいエピソードがあった？夜更かししてしまった分は、今日はゆっくり休めるといいね。,131,51.0,3,Neutral,0.6715939044952393
User,めちゃめちゃ勝って気持ちよかった,16,6.0,2,Positive,0.6054428815841675
AI,それは最高だね！勝ちが続くとテンションも上がるし、ゲームがもっと楽しくなるよね。特にいい手があったり、大逆転した瞬間があったら教えてほしいな。そして、勝ちの余韻を楽しんで、今日はゆっくり休んでね。何かお祝いする予定はあるの？,112,52.0,2,Positive,0.4680707156658172
User,お祝いはせんな,7,6.0,3,Very Negative,0.2388648092746734
AI,そうか、お祝いはしないんだね。でも、勝利の感覚を楽しんでるみたいで何よりだよ。今日はゆっくりと休んで、リラックスした時間を過ごしてね。何か心地よい音楽を聴いたり、好きな映画を見るのもいいかもしれない。また何か話したいことがあったら、いつでも話してね！,125,52.0,2,Positive,0.3041805624961853
User,昨日遊んでやり残してる仕事が結構溜まっとるけん今日は頑張らんといけん,34,17.0,3,Very Negative,0.3576962947845459
AI,昨日は楽しい時間を過ごせたみたいだけど、今日は仕事を頑張らないとね。やり残した仕事がたまっていると気が重くなるけど、一つ一つクリアしていけばきっとすっきりするよ。何か特に優先して片付けるべきタスクがある？もし効率的な進め方でアドバイスがほしいなら、いつでも聞いてね。今日も一緒に頑張ろう！,144,62.0,2,Positive,0.3275264799594879
User,学校の課題をやりよるんやけど、思ったより時間かかってしまうんよね,32,19.0,3,Neutral,0.5480626821517944
AI,学校の課題が時間がかかると、予定が狂ってしまうこともあるよね。何か特に難しいポイントがあるのかな？もし課題の内容について詰まっている部分があれば、一緒に考えてみるよ。また、効率的な勉強法や時間管理のコツもあるから、その辺のアドバイスもできるよ。どんな課題に取り組んでいるの？詳細を教えてくれたら、もっと具体的なサポートができるかもしれないよ。,171,63.0,2,Neutral,0.3625680208206177
User,グラフ探索アルゴリズムの課題やってる,18,7.0,2,Neutral,0.3544462025165558
AI,グラフ探索アルゴリズムの課題か！それは面白いけど、確かに複雑で時間がかかることもあるね。DFS（深さ優先探索）やBFS（幅優先探索）のような基本的な探索方法から、もっと高度なアルゴリズムまでいろいろあるよね。具体的にどの部分で詰まってる？それとも、アルゴリズムの実装方法について困ってる？プログラミングのコードの書き方で不明点があれば、一緒に解決策を探してみよう。効率的に進めるためには、問題を小さな部分に分けて一つずつ解決していくと良いよ。何か具体的な質問があればどんどん投げてみてね。,244,86.0,2,Neutral,0.6571120619773865
AI Average,Mean Unique Words,17,60.285714285714285,3,Neutral,0.4241121411323547
User Average,Mean Unique Words,17,12.0,3,Neutral,0.4241121411323547
