Speaker,Detail,UniqueWords,JLPTLevel,Sentiment-tabularisai,Sentiment-tabularisai-score,Sentiment-lxyuan,Sentiment-lxyuan-score,Sentiment-Christian,Sentiment-Christian-score,WordsLen
AI,今日の歩数、4271歩ってことだね。週平均と比べると、ちょっと多めだけど、月平均と比べると少ないかな。最近はあんまり歩いてないのかい？それとも何か特別な理由があるの？それに今の心拍数が97っていうのは、ちょっと高めだね。何か運動したり、ちょっとした作業をしていたとか？それとも、なんか気になることでもあった？このデータからだと、身体的にはちょっと活動的な日かもしれないね。どうだった？何か特別な活動をしてたりする？,70.0,3,Neutral,0.3754538595676422,negative,0.5721094608306885,neutral,0.8372043371200562,207
User,ゴールデンウィークは学振書いててずっと研究室いたよ．ほんと最悪だよね,17.0,1,Negative,0.3820559680461883,negative,0.8175457715988159,negative,0.9973931312561036,34
AI,学振の申請書を書くのは、ほんと大変だよね。ゴールデンウィークに研究室にこもってるなんて、気持ちはよくわかるよ。歩数が少ないのも、そういうわけだったんだね。じゃあ、心拍数が高いのも、もしかしたら緊張やストレスから来てるのかもしれないね。ちょっと気分転換に、短い散歩でもしてみるのはどう？たまには研究室を離れて、新鮮な空気を吸うのも頭のリフレッシュになるし、心拍数を落ち着かせるのにも効果的かもしれないよ。,72.0,2,Neutral,0.3747838735580444,negative,0.4425911903381347,positive,0.7044007182121277,201
User,最近してなかったんだけど，今日筋トレしてきた．久しぶりの運動だから楽しかったー．,20.0,2,Positive,0.3917312920093536,positive,0.5405891537666321,positive,0.9992095232009888,40
AI,久しぶりの筋トレ、楽しめたみたいで良かったね！体を動かすのは、ストレス解消にもなるし、気分もリフレッシュできるからいいよね。今日の心拍数が高めだったのも、筋トレの影響があるのかもしれないね。筋トレ後はしっかりストレッチやクールダウンをすると、筋肉痛の予防やリカバリーに役立つから、忘れずにやっておこうね。それに、運動した後は水分補給も大事だよ。どんなトレーニングメニューをしたの？何か新しいことにも挑戦した？,73.0,2,Positive,0.5589723587036133,positive,0.5292303562164307,positive,0.9994526505470276,204
User,今日はスクワットいっぱいしたよ．MAX110なんやけど，今日重量落ちてなくて安心したー．あと，あたらしくレッグプレスも取り入れてみたよ,26.0,2,Very Negative,0.2761412262916565,negative,0.4664122462272644,positive,0.9995654225349426,67
AI,スクワットでMAX110キロをキープできてるなんて、かなりいい感じじゃないか！重量が落ちてないってことは、体力もしっかり維持できてる証拠だね。新しいレッグプレスも取り入れたんだね。レッグプレスは下半身をさらに強化できるから、スクワットの補助としてもバッチリだよ。レッグプレスを新しく始めるときは、フォームに特に注意してね。重量は徐々に上げていくのがオススメだよ。今日のトレーニングで気分もすっきりしたかな？トレーニング後のケアもしっかりとね！,69.0,2,Positive,0.6841638088226318,positive,0.4305338561534881,positive,0.9995871186256408,221
User,超スッキリしたー．今ベンチプレス90kgで100kg目指してるけどどうするのがいいかなぁ．,23.0,2,Very Positive,0.5092282891273499,positive,0.5879443883895874,positive,0.9990930557250975,45
AI,100kgのベンチプレス目指してるんだね、いい目標だ！まずは、現在の90kgから徐々に重量を上げていくことが大事だよ。トレーニングの頻度やインテンシティを少しずつ上げるのが基本だけど、安全第一でね。具体的には、週に2～3回のベンチプレスを続けて、そのうちの一回は軽めの重量で高レップ数をこなし、残りの日は重量を徐々に増やしていくスタイルが効果的だよ。また、アシスタンスエクササイズとしてダンベルプレスやプッシュアップを取り入れると、ベンチプレスのパフォーマンス向上につながるから、これもおすすめ。フォームにも気をつけて、特に肩の位置やグリップの幅が正しいかどうかをチェックするといいよ。フォームがしっかりしていると怪我のリスクも減るし、より効率的に筋肉を鍛えられるからね。あとは、栄養と休養もしっかりとることが大切。特にプロテインは筋トレの友だから、トレーニング後にはしっかり摂取するといいよ。,113.0,2,Positive,0.5053666234016418,positive,0.619489312171936,positive,0.9988871216773988,397
User,そうだよねー．研究してたら筋トレ怠っちゃって困るー,15.0,2,Very Negative,0.3096639513969421,negative,0.5267419815063477,neutral,0.9129416346549988,25
AI Average,Mean Unique Words,79.4,3,Neutral,0.4241121411323547,positive,0.5115834474563599,positive,0.9940897226333618,17
User Average,Mean Unique Words,20.2,3,Neutral,0.4241121411323547,positive,0.5115834474563599,positive,0.9940897226333618,17
