Speaker,Detail,UniqueWords,JLPTLevel
AI,こんにちは！最近、何か新しい趣味を始めたり、面白い体験をしたりしましたか？,17.0,0
User,最近はずっと論文を書いててあまり寝れてないな,12.0,1
AI,それは大変ですね。論文のテーマは何について書いているんですか？興味深い研究があれば、ぜひ聞かせてください。,27.0,2
User,瞬きを増やしてドライアイを改善するデバイスを作ったからその論文を書いているよ,16.0,1
AI,それはとてもユニークなアイディアですね！そのデバイスはどのようにして瞬きを促すのですか？また、どんなテストや結果が出ていますか？,32.0,2
User,まつげに空気を当てて反射で瞬きをさせてるよ,13.0,2
AI,面白いアプローチですね！空気を使うことで、自然な瞬きを促せるのは良いですね。使用者の感想や反応についてはどのようなものがありますか？また、このデバイスを使うことでどのような改善が見られたかも気になります。,45.0,2
User,使用感はまずまずって感じかな、人によっては慣れていい感じに瞬きできる人もいるけど、空気が邪魔って人もいるね,24.0,2
AI,そのフィードバックは貴重ですね。そういった意見を論文にどのように取り入れていますか？また、デバイスの改善点や次のステップについて何か考えていることはありますか？,35.0,2
User,そうだね、空気の出す量を調整したり、別の刺激で瞬きをさせようとしてるよ,22.0,2
AI,そのような改良は効果的そうですね。別の刺激として考えているものはどのようなものですか？また、これらの改良によってどのような結果を期待していますか？,32.0,2
User,光を当てて瞬きをさせようとしているよ、でもこれも使用感悪そうだよね、どうおもう？,25.0,1
AI,光を使う方法は確かに刺激的かもしれませんが、適切な強さや頻度に設定すれば、有効な手段となる可能性もありますね。デバイスの使い心地を向上させるために、光の強度や照射のタイミングを調整できる機能を追加するのはどうでしょうか？また、ユーザーが自分に合った設定を見つけやすいように、カスタマイズ可能なオプションを提供することも一つの方法かもしれません。,68.0,2
User,そのカスタマイズがむずいんだよね、それができれば一番いいんだけど,13.0,3
AI,カスタマイズの難しさは理解できます。それに対処するために、ユーザーテストを多く行って、どの程度の光の強さや頻度が最も快適か、または効果的かをデータで把握することが一つの方法かもしれません。さらに、ユーザーからの直接的なフィードバックを収集して、そのデータを基に改良を加えることも考えられます。このアプローチについてはどう思われますか？それとも他に考えている対策がありますか？,70.0,3
AI Average,Mean Unique Words,40.75,3
User Average,Mean Unique Words,17.857142857142858,3
