Speaker,Detail,UniqueWords,JLPTLevel,Sentiment
AI,こんにちは！最近、体の調子はどうですか？何か新しい運動を始めたり、リラクゼーションのために何か特別なことをしていますか？,28.0,1,Very Negative
User,最近はハンドボールサークルに参加して週に１回運動する習慣がついています,18.0,2,Positive
AI,ハンドボールサークルに参加しているんですね、素晴らしいです！週に1回の運動は体にも心にもいい影響を与えると思います。ハンドボールを始めてから何か変化は感じていますか？例えば、体力がついた、気分が良くなったなど。,47.0,2,Very Positive
User,ハンドボールは昔やっていましたが完全に腕は落ちていました．しかしなぜか１週間で取り戻すことができました,23.0,2,Neutral
AI,昔のスキルが思いのほか早く戻ってきたんですね！それは嬉しい驚きだったでしょう。体が運動の感覚を覚えているってすごいことですよね。それに、ハンドボールを楽しむことで、ストレス解消にもなっているかもしれませんね。サークルの中で特に楽しいと感じる瞬間はありますか？,55.0,3,Positive
User,サークルの中で一番楽しいと感じるのはゴールキーパーとしてシュートを止めた時です．キーパーは止めることを期待されていないのでいい意味で期待を裏切ることが気持ちいいです,33.0,2,Positive
AI,ゴールキーパーとしての活躍、本当にカッコいいですね！シュートを止める瞬間は、チームにとっても大きなプラスになりますし、そういう「期待を裏切る」成功体験は自信にもつながりますよね。他にも、ハンドボールをしていて気づいたことや楽しいエピソードがあれば、ぜひ聞かせてください！それと、試合の後のリカバリー方法についても気になります。何か特別なことをしているのでしょうか？,70.0,2,Positive
User,ハンドボールをしていて楽しいのはボールを止めて速攻が決まることです．試合の後のリカバリー方法は風呂に入ることです,24.0,2,Neutral
AI,速攻が決まる瞬間は、本当にスリリングで楽しいですよね！ゴールキーパーからの速攻は試合の流れを大きく変えることができるので、その重要性は計り知れません。試合後には温かい風呂に浸かるのも良いリカバリー方法ですね。温浴は筋肉の緊張をほぐし、体の疲れを和らげるのに役立つので、非常に効果的です。さらにリラックス効果も高いので、心のリフレッシュにもつながります。風呂の後は何か特別なケアをすることはありますか？例えば、ストレッチをしたり、特定の飲み物を取るなど。,77.0,3,Positive
User,風呂の後は化粧水をつけています．乾燥が肌を劣化させると聞いたので気を使っています,24.0,1,Positive
AI,化粧水を使うのはとても良いアイデアですね！確かに、肌の乾燥はトラブルの原因となりますから、特に運動後のお手入れは重要です。化粧水でしっかりと保湿をすることで、肌を健やかに保つことができますね。肌ケアをすることは、自分自身へのちょっとしたご褒美にもなりますし、リラクゼーションの一環としても素晴らしいですね。他にも日常生活で気をつけている健康や美容に関することがあれば、ぜひ教えてください。,69.0,2,Positive
User,健康に気を使っていることは米をあまり食べないことです,14.0,1,Very Negative
AI,米をあまり食べないというのは、炭水化物の摂取を意識しているんですね。それは食事バランスを考える上でとても良いアプローチだと思います。代わりに何か特定の食べ物を多く取り入れていますか？たとえば、タンパク質や野菜を多めにしているとか。,47.0,2,Positive
AI Average,Mean Unique Words,56.142857142857146,3,Neutral
User Average,Mean Unique Words,22.666666666666668,3,Neutral
